{
  "hash": "808e1323",
  "configHash": "85b22a93",
  "lockfileHash": "d9d4e812",
  "browserHash": "011e46aa",
  "optimized": {
    "@angular/common": {
      "src": "../../../../../node_modules/@angular/common/fesm2022/common.mjs",
      "file": "@angular_common.js",
      "fileHash": "8011f99f",
      "needsInterop": false
    },
    "@angular/common/http": {
      "src": "../../../../../node_modules/@angular/common/fesm2022/http.mjs",
      "file": "@angular_common_http.js",
      "fileHash": "e70d04c1",
      "needsInterop": false
    },
    "@angular/core": {
      "src": "../../../../../node_modules/@angular/core/fesm2022/core.mjs",
      "file": "@angular_core.js",
      "fileHash": "088ef769",
      "needsInterop": false
    },
    "@angular/forms": {
      "src": "../../../../../node_modules/@angular/forms/fesm2022/forms.mjs",
      "file": "@angular_forms.js",
      "fileHash": "69c8be19",
      "needsInterop": false
    },
    "@angular/platform-browser": {
      "src": "../../../../../node_modules/@angular/platform-browser/fesm2022/platform-browser.mjs",
      "file": "@angular_platform-browser.js",
      "fileHash": "b5d0ead2",
      "needsInterop": false
    },
    "@angular/router": {
      "src": "../../../../../node_modules/@angular/router/fesm2022/router.mjs",
      "file": "@angular_router.js",
      "fileHash": "493ebb0a",
      "needsInterop": false
    }
  },
  "chunks": {
    "chunk-GF2FGNDZ": {
      "file": "chunk-GF2FGNDZ.js"
    },
    "chunk-A6BI6AKB": {
      "file": "chunk-A6BI6AKB.js"
    },
    "chunk-LKOJXNUV": {
      "file": "chunk-LKOJXNUV.js"
    },
    "chunk-BYZM5OVL": {
      "file": "chunk-BYZM5OVL.js"
    }
  }
}